distance,time,speed
100.0,2.0,50.0
200.0,2.3,86.95652173913044
300.0,3.0,100.0
400.0,4.0,100.0
500.0,6.0,83.33333333333333
699.0,9.0,77.66666666666667
79.0,90.0,0.8777777777777778
579.0,9.0,64.33333333333333
78.0,9.0,8.666666666666666
790.0,9.0,87.77777777777777
